{"IoT2_status":1,"IoT1_status":1,"IoT1_X":37.96809452684323,"IoT1_Y":23.76630586399502,"IoT2_X":37.96749937191987,"IoT2_Y":23.76404589104385,"IoT2_Danger":1,"Android_x":37.968361,"IoT1_Danger":1,"Android_y":23.774376}